{
    "No/Mild": {
        "precision": 0.9501187648456056,
        "recall": 0.9195402298850575,
        "f1-score": 0.9345794392523364,
        "support": 435.0
    },
    "Referable": {
        "precision": 0.8878205128205128,
        "recall": 0.9295302013422819,
        "f1-score": 0.9081967213114754,
        "support": 298.0
    },
    "accuracy": 0.9236016371077762,
    "macro avg": {
        "precision": 0.9189696388330593,
        "recall": 0.9245352156136697,
        "f1-score": 0.9213880802819059,
        "support": 733.0
    },
    "weighted avg": {
        "precision": 0.9247915082242173,
        "recall": 0.9236016371077762,
        "f1-score": 0.9238535866651925,
        "support": 733.0
    }
}