{"train_loss": [0.28322825687417563, 0.14810760450362143, 0.09067372508161342, 0.05214890575156598, 0.034120678118204004, 0.020479634293530245, 0.011634834738719806, 0.012032979899478746, 0.015066911308708533, 0.008284245378020789], "val_loss": [0.19749610591552755, 0.1708214148208194, 0.17341017359194294, 0.18222411708730954, 0.190725593295299, 0.2436478021281478, 0.22560792182550587, 0.2714359146958321, 0.24260426085000147, 0.24279159047268586], "val_acc": [0.9208731241473397, 0.9236016371077762, 0.9290586630286494, 0.931787175989086, 0.927694406548431, 0.9208731241473397, 0.9290586630286494, 0.9249658935879945, 0.922237380627558, 0.9304229195088677]}