{
    "No/Mild": {
        "precision": 0.9545454545454546,
        "recall": 0.9172413793103448,
        "f1-score": 0.9355216881594373,
        "support": 435.0
    },
    "Referable": {
        "precision": 0.8857142857142857,
        "recall": 0.9362416107382551,
        "f1-score": 0.9102773246329527,
        "support": 298.0
    },
    "accuracy": 0.9249658935879945,
    "macro avg": {
        "precision": 0.9201298701298701,
        "recall": 0.9267414950242999,
        "f1-score": 0.922899506396195,
        "support": 733.0
    },
    "weighted avg": {
        "precision": 0.9265622508460161,
        "recall": 0.9249658935879945,
        "f1-score": 0.9252586317734995,
        "support": 733.0
    }
}