{"train_loss": [0.28929095760308343, 0.12187968971720935, 0.05874486881622726, 0.03210302645937702, 0.020596285729318316, 0.011040164795747112, 0.01566333260251093, 0.018962114209295864, 0.007429130543430344, 0.01041998744622056], "val_loss": [0.1697990488753963, 0.1790154865176746, 0.19545640076776155, 0.23302546387479867, 0.23295741340229326, 0.28554882905808104, 0.30764847763116493, 0.3116270278194236, 0.3133702067134833, 0.3418753778544162], "val_acc": [0.9249658935879945, 0.931787175989086, 0.9236016371077762, 0.927694406548431, 0.931787175989086, 0.9181446111869032, 0.931787175989086, 0.9263301500682128, 0.9331514324693042, 0.9331514324693042]}