{
    "No/Mild": {
        "precision": 0.9256756756756757,
        "recall": 0.9448275862068966,
        "f1-score": 0.9351535836177475,
        "support": 435.0
    },
    "Referable": {
        "precision": 0.916955017301038,
        "recall": 0.889261744966443,
        "f1-score": 0.9028960817717206,
        "support": 298.0
    },
    "accuracy": 0.922237380627558,
    "macro avg": {
        "precision": 0.9213153464883568,
        "recall": 0.9170446655866697,
        "f1-score": 0.9190248326947341,
        "support": 733.0
    },
    "weighted avg": {
        "precision": 0.9221303056952637,
        "recall": 0.922237380627558,
        "f1-score": 0.922039346850877,
        "support": 733.0
    }
}