{"train_loss": [0.2913739010360958, 0.21925152961855335, 0.19049301391964116, 0.16093851851802427, 0.16158139089630524, 0.1333783905343946, 0.11933364563539864, 0.10840963434648009, 0.09819561461817897, 0.08152421231398448], "val_loss": [0.23474928037368908, 0.23877586273916096, 0.19881803897116715, 0.1964024803302623, 0.18897923138018033, 0.16497790140555957, 0.20101662378600643, 0.20646162718371838, 0.1774147757688616, 0.19604979634874514], "val_acc": [0.9181446111869032, 0.9004092769440655, 0.9181446111869032, 0.9099590723055935, 0.9140518417462483, 0.922237380627558, 0.9331514324693042, 0.9045020463847203, 0.9208731241473397, 0.9236016371077762]}